{
  "valence": {
    "min": -0.9999867677688599,
    "max": 0.9988232254981995,
    "mean": 0.030562080656188338,
    "median": 0.03028038050979376,
    "p30": -0.1779085084795952,
    "p70": 0.21980005800724006
  },
  "arousal": {
    "min": -0.7762819528579712,
    "max": 0.999999463558197,
    "mean": 0.25326104428217483,
    "median": 0.25578926503658295,
    "p30": 0.07054412439465522,
    "p70": 0.44698299169540406
  }
}